season,place,team,points,played,won,draw,loss,goals,goals_taken,goals_diff,aproveitamento,media_gols_marcados,media_gols_sofridos
2003,1,Cruzeiro,100,46,31,7,8,102,47,55,217.39130434782606,1.0217391304347827,1.1956521739130435
2003,2,Santos,87,46,25,12,9,93,60,33,189.1304347826087,1.3043478260869565,0.717391304347826
2003,3,São Paulo,78,46,22,12,12,81,67,14,169.56521739130434,1.4565217391304348,0.30434782608695654
2003,4,São Caetano,74,46,19,14,13,53,37,16,160.8695652173913,0.8043478260869565,0.34782608695652173
2003,5,Coritiba,73,46,21,10,15,67,58,9,158.69565217391303,1.2608695652173914,0.1956521739130435
2003,6,Atlético Mineiro,72,46,19,15,12,76,62,14,156.52173913043478,1.3478260869565217,0.30434782608695654
2003,7,Internacional,72,46,20,10,16,59,57,2,156.52173913043478,1.2391304347826086,0.043478260869565216
2003,8,Flamengo,66,46,18,12,16,66,73,-7,143.47826086956522,1.5869565217391304,-0.15217391304347827
2003,9,Goiás,65,46,18,11,17,78,63,15,141.30434782608697,1.3695652173913044,0.32608695652173914
2003,10,Paraná,65,46,18,11,17,85,75,10,141.30434782608697,1.6304347826086956,0.21739130434782608
2003,11,Figueirense,65,46,17,14,15,62,54,8,141.30434782608697,1.173913043478261,0.17391304347826086
2003,12,Athletico Paranaense,61,46,17,10,19,67,72,-5,132.6086956521739,1.565217391304348,-0.10869565217391304
2003,13,Guarani,61,46,17,10,19,64,72,-8,132.6086956521739,1.565217391304348,-0.17391304347826086
2003,14,Criciúma,60,46,17,9,20,57,69,-12,130.43478260869566,1.5,-0.2608695652173913
2003,15,Corinthians,59,46,15,12,19,61,63,-2,128.26086956521738,1.3695652173913044,-0.043478260869565216
2003,16,Vitória,56,46,15,11,20,50,64,-14,121.73913043478262,1.391304347826087,-0.30434782608695654
2003,17,Vasco,54,46,13,15,18,57,69,-12,117.3913043478261,1.5,-0.2608695652173913
2003,18,Juventude,53,46,12,14,20,55,70,-15,115.21739130434783,1.5217391304347827,-0.32608695652173914
2003,19,Fluminense,52,46,13,11,22,52,77,-25,113.04347826086956,1.673913043478261,-0.5434782608695652
2003,20,Ponte Preta,50,46,11,18,17,63,73,-10,108.69565217391303,1.5869565217391304,-0.21739130434782608
2003,21,Grêmio,50,46,13,11,22,54,68,-14,108.69565217391303,1.4782608695652173,-0.30434782608695654
2003,22,Paysandu,49,46,15,12,19,74,77,-3,106.5217391304348,1.673913043478261,-0.06521739130434782
2003,23,Fortaleza,49,46,12,13,21,58,74,-16,106.5217391304348,1.608695652173913,-0.34782608695652173
2003,24,Bahia,46,46,12,10,24,59,92,-33,100.0,2.0,-0.717391304347826
2004,1,Santos,89,46,27,8,11,103,58,45,193.47826086956522,1.2608695652173914,0.9782608695652174
2004,2,Athletico Paranaense,86,46,25,11,10,93,56,37,186.95652173913044,1.2173913043478262,0.8043478260869565
2004,3,São Paulo,82,46,24,10,12,78,43,35,178.26086956521738,0.9347826086956522,0.7608695652173914
2004,4,Palmeiras,79,46,22,13,11,72,47,25,171.73913043478262,1.0217391304347827,0.5434782608695652
2004,5,Corinthians,74,46,20,14,12,54,54,0,160.8695652173913,1.173913043478261,0.0
2004,6,Goiás,72,46,21,9,16,81,68,13,156.52173913043478,1.4782608695652173,0.2826086956521739
2004,7,Juventude,70,46,20,10,16,60,66,-6,152.17391304347828,1.434782608695652,-0.13043478260869565
2004,8,Internacional,67,46,20,7,19,66,59,7,145.65217391304347,1.2826086956521738,0.15217391304347827
2004,9,Fluminense,67,46,18,13,15,65,68,-3,145.65217391304347,1.4782608695652173,-0.06521739130434782
2004,10,Ponte Preta,64,46,19,7,20,43,73,-30,139.1304347826087,1.5869565217391304,-0.6521739130434783
2004,11,Figueirense,63,46,17,12,17,57,59,-2,136.95652173913044,1.2826086956521738,-0.043478260869565216
2004,12,Coritiba,62,46,15,17,14,53,48,5,134.7826086956522,1.0434782608695652,0.10869565217391304
2004,13,Cruzeiro,56,46,16,8,22,69,81,-12,121.73913043478262,1.7608695652173914,-0.2608695652173913
2004,14,Paysandu,56,46,14,14,18,56,76,-20,121.73913043478262,1.6521739130434783,-0.43478260869565216
2004,15,Paraná,54,46,15,9,22,52,73,-21,117.3913043478261,1.5869565217391304,-0.45652173913043476
2004,16,Vasco,54,46,14,12,20,64,68,-4,117.3913043478261,1.4782608695652173,-0.08695652173913043
2004,17,Flamengo,54,46,13,15,18,51,53,-2,117.3913043478261,1.1521739130434783,-0.043478260869565216
2004,18,São Caetano,53,46,23,8,15,65,49,16,115.21739130434783,1.065217391304348,0.34782608695652173
2004,19,Atlético Mineiro,53,46,12,17,17,60,66,-6,115.21739130434783,1.434782608695652,-0.13043478260869565
2004,20,Botafogo,51,46,11,18,17,62,71,-9,110.86956521739131,1.5434782608695652,-0.1956521739130435
2004,21,Criciúma,50,46,13,11,22,61,78,-17,108.69565217391303,1.6956521739130435,-0.3695652173913043
2004,22,Guarani,49,46,11,16,19,43,55,-12,106.5217391304348,1.1956521739130435,-0.2608695652173913
2004,23,Vitória,48,46,13,9,24,68,87,-19,104.34782608695652,1.891304347826087,-0.41304347826086957
2004,24,Grêmio,39,46,9,12,25,60,80,-20,84.78260869565217,1.7391304347826086,-0.43478260869565216
2005,1,Corinthians,81,42,24,9,9,87,59,28,192.85714285714286,1.4047619047619047,0.6666666666666666
2005,2,Internacional,78,42,23,9,10,72,49,23,185.71428571428572,1.1666666666666667,0.5476190476190477
2005,3,Goiás,74,42,22,8,12,68,51,17,176.19047619047618,1.2142857142857142,0.40476190476190477
2005,4,Palmeiras,70,42,20,10,12,81,65,16,166.66666666666669,1.5476190476190477,0.38095238095238093
2005,5,Fluminense,68,42,19,11,12,79,70,9,161.9047619047619,1.6666666666666667,0.21428571428571427
2005,6,Athletico Paranaense,61,42,18,7,17,76,67,9,145.23809523809524,1.5952380952380953,0.21428571428571427
2005,7,Paraná,61,42,17,10,15,59,51,8,145.23809523809524,1.2142857142857142,0.19047619047619047
2005,8,Cruzeiro,60,42,17,9,16,73,72,1,142.85714285714286,1.7142857142857142,0.023809523809523808
2005,9,Botafogo,59,42,17,8,17,57,56,1,140.47619047619045,1.3333333333333333,0.023809523809523808
2005,10,Santos,59,42,16,11,15,68,71,-3,140.47619047619045,1.6904761904761905,-0.07142857142857142
2005,11,São Paulo,58,42,16,10,16,77,67,10,138.0952380952381,1.5952380952380953,0.23809523809523808
2005,12,Vasco,56,42,15,11,16,74,84,-10,133.33333333333331,2.0,-0.23809523809523808
2005,13,Fortaleza,55,42,16,7,19,58,64,-6,130.95238095238096,1.5238095238095237,-0.14285714285714285
2005,14,Juventude,55,42,15,10,17,66,72,-6,130.95238095238096,1.7142857142857142,-0.14285714285714285
2005,15,Flamengo,55,42,14,13,15,56,60,-4,130.95238095238096,1.4285714285714286,-0.09523809523809523
2005,16,Figueirense,53,42,14,11,17,65,72,-7,126.19047619047619,1.7142857142857142,-0.16666666666666666
2005,17,São Caetano,52,42,14,10,18,54,60,-6,123.80952380952381,1.4285714285714286,-0.14285714285714285
2005,18,Ponte Preta,51,42,15,6,21,63,80,-17,121.42857142857142,1.9047619047619047,-0.40476190476190477
2005,19,Coritiba,49,42,13,10,19,51,60,-9,116.66666666666667,1.4285714285714286,-0.21428571428571427
2005,20,Atlético Mineiro,47,42,13,8,21,54,59,-5,111.90476190476191,1.4047619047619047,-0.11904761904761904
2005,21,Paysandu,41,42,12,5,25,63,92,-29,97.61904761904762,2.1904761904761907,-0.6904761904761905
2005,22,Brasiliense,41,42,10,11,21,47,67,-20,97.61904761904762,1.5952380952380953,-0.47619047619047616
2006,1,São Paulo,78,38,22,12,4,66,32,34,205.26315789473685,0.8421052631578947,0.8947368421052632
2006,2,Internacional,69,38,20,9,9,52,36,16,181.57894736842107,0.9473684210526315,0.42105263157894735
2006,3,Grêmio,67,38,20,7,11,64,45,19,176.3157894736842,1.1842105263157894,0.5
2006,4,Santos,64,38,18,10,10,58,36,22,168.42105263157893,0.9473684210526315,0.5789473684210527
2006,5,Paraná,60,38,18,6,14,56,49,7,157.89473684210526,1.2894736842105263,0.18421052631578946
2006,6,Vasco,59,38,15,14,9,57,50,7,155.26315789473685,1.3157894736842106,0.18421052631578946
2006,7,Figueirense,57,38,15,12,11,52,44,8,150.0,1.1578947368421053,0.21052631578947367
2006,8,Goiás,55,38,15,10,13,63,49,14,144.73684210526315,1.2894736842105263,0.3684210526315789
2006,9,Corinthians,53,38,15,8,15,41,46,-5,139.4736842105263,1.2105263157894737,-0.13157894736842105
2006,10,Cruzeiro,53,38,14,11,13,52,45,7,139.4736842105263,1.1842105263157894,0.18421052631578946
2006,11,Flamengo,52,38,15,7,16,44,48,-4,136.8421052631579,1.263157894736842,-0.10526315789473684
2006,12,Botafogo,51,38,13,12,13,52,50,2,134.21052631578948,1.3157894736842106,0.05263157894736842
2006,13,Athletico Paranaense,48,38,13,9,16,61,62,-1,126.3157894736842,1.631578947368421,-0.02631578947368421
2006,14,Juventude,47,38,13,8,17,44,54,-10,123.6842105263158,1.4210526315789473,-0.2631578947368421
2006,15,Fluminense,45,38,11,12,15,48,58,-10,118.42105263157893,1.5263157894736843,-0.2631578947368421
2006,16,Palmeiras,44,38,12,8,18,58,70,-12,115.78947368421053,1.8421052631578947,-0.3157894736842105
2006,17,Ponte Preta,39,38,10,9,19,45,65,-20,102.63157894736842,1.7105263157894737,-0.5263157894736842
2006,18,Fortaleza,38,38,8,14,16,39,62,-23,100.0,1.631578947368421,-0.6052631578947368
2006,19,São Caetano,36,38,9,9,20,37,53,-16,94.73684210526315,1.394736842105263,-0.42105263157894735
2006,20,Santa Cruz,28,38,7,7,24,41,76,-35,73.68421052631578,2.0,-0.9210526315789473
2007,1,São Paulo,77,38,23,8,7,55,19,36,202.6315789473684,0.5,0.9473684210526315
2007,2,Santos,62,38,19,5,14,57,47,10,163.1578947368421,1.236842105263158,0.2631578947368421
2007,3,Flamengo,61,38,17,10,11,55,49,6,160.5263157894737,1.2894736842105263,0.15789473684210525
2007,4,Fluminense,61,38,16,13,9,57,39,18,160.5263157894737,1.0263157894736843,0.47368421052631576
2007,5,Cruzeiro,60,38,18,6,14,73,58,15,157.89473684210526,1.5263157894736843,0.39473684210526316
2007,6,Grêmio,58,38,17,7,14,44,43,1,152.63157894736844,1.131578947368421,0.02631578947368421
2007,7,Palmeiras,58,38,16,10,12,48,47,1,152.63157894736844,1.236842105263158,0.02631578947368421
2007,8,Atlético Mineiro,55,38,15,10,13,63,51,12,144.73684210526315,1.3421052631578947,0.3157894736842105
2007,9,Botafogo,55,38,14,13,11,62,58,4,144.73684210526315,1.5263157894736843,0.10526315789473684
2007,10,Vasco,54,38,15,9,14,58,47,11,142.10526315789474,1.236842105263158,0.2894736842105263
2007,11,Internacional,54,38,15,9,14,49,44,5,142.10526315789474,1.1578947368421053,0.13157894736842105
2007,12,Athletico Paranaense,54,38,14,12,12,51,50,1,142.10526315789474,1.3157894736842106,0.02631578947368421
2007,13,Figueirense,53,38,14,11,13,57,56,1,139.4736842105263,1.4736842105263157,0.02631578947368421
2007,14,Sport,51,38,14,9,15,54,55,-1,134.21052631578948,1.4473684210526316,-0.02631578947368421
2007,15,Náutico,49,38,14,7,17,66,63,3,128.94736842105263,1.6578947368421053,0.07894736842105263
2007,16,Goiás,45,38,13,6,19,49,62,-13,118.42105263157893,1.631578947368421,-0.34210526315789475
2007,17,Corinthians,44,38,10,14,14,40,50,-10,115.78947368421053,1.3157894736842106,-0.2631578947368421
2007,18,Juventude,41,38,11,8,19,43,65,-22,107.89473684210526,1.7105263157894737,-0.5789473684210527
2007,19,Paraná,41,38,11,8,19,42,64,-22,107.89473684210526,1.6842105263157894,-0.5789473684210527
2007,20,América-RN,17,38,4,5,29,24,80,-56,44.73684210526316,2.1052631578947367,-1.4736842105263157
2008,1,São Paulo,75,38,21,12,5,66,36,30,197.36842105263156,0.9473684210526315,0.7894736842105263
2008,2,Grêmio,72,38,21,9,8,59,35,24,189.4736842105263,0.9210526315789473,0.631578947368421
2008,3,Cruzeiro,67,38,21,4,13,59,44,15,176.3157894736842,1.1578947368421053,0.39473684210526316
2008,4,Palmeiras,65,38,19,8,11,55,45,10,171.05263157894737,1.1842105263157894,0.2631578947368421
2008,5,Flamengo,64,38,18,10,10,67,48,19,168.42105263157893,1.263157894736842,0.5
2008,6,Internacional,54,38,15,9,14,48,47,1,142.10526315789474,1.236842105263158,0.02631578947368421
2008,7,Botafogo,53,38,15,8,15,51,44,7,139.4736842105263,1.1578947368421053,0.18421052631578946
2008,8,Goiás,53,38,14,11,13,57,47,10,139.4736842105263,1.236842105263158,0.2631578947368421
2008,9,Coritiba,53,38,14,11,13,55,48,7,139.4736842105263,1.263157894736842,0.18421052631578946
2008,10,Vitória,52,38,15,7,16,48,44,4,136.8421052631579,1.1578947368421053,0.10526315789473684
2008,11,Sport,52,38,14,10,14,48,45,3,136.8421052631579,1.1842105263157894,0.07894736842105263
2008,12,Atlético Mineiro,48,38,12,12,14,50,61,-11,126.3157894736842,1.605263157894737,-0.2894736842105263
2008,13,Athletico Paranaense,45,38,12,9,17,45,54,-9,118.42105263157893,1.4210526315789473,-0.23684210526315788
2008,14,Fluminense,45,38,11,12,15,49,48,1,118.42105263157893,1.263157894736842,0.02631578947368421
2008,15,Santos,45,38,11,12,15,44,53,-9,118.42105263157893,1.394736842105263,-0.23684210526315788
2008,16,Náutico,44,38,11,11,16,44,54,-10,115.78947368421053,1.4210526315789473,-0.2631578947368421
2008,17,Figueirense,44,38,11,11,16,49,73,-24,115.78947368421053,1.9210526315789473,-0.631578947368421
2008,18,Vasco,40,38,11,7,20,56,72,-16,105.26315789473684,1.894736842105263,-0.42105263157894735
2008,19,Portuguesa,38,38,9,11,18,48,70,-22,100.0,1.8421052631578947,-0.5789473684210527
2008,20,Ipatinga,35,38,9,8,21,37,67,-30,92.10526315789474,1.763157894736842,-0.7894736842105263
2009,1,Flamengo,67,38,19,10,9,58,44,14,176.3157894736842,1.1578947368421053,0.3684210526315789
2009,2,Internacional,65,38,19,8,11,65,44,21,171.05263157894737,1.1578947368421053,0.5526315789473685
2009,3,São Paulo,65,38,18,11,9,57,42,15,171.05263157894737,1.105263157894737,0.39473684210526316
2009,4,Cruzeiro,62,38,18,8,12,58,53,5,163.1578947368421,1.394736842105263,0.13157894736842105
2009,5,Palmeiras,62,38,17,11,10,58,45,13,163.1578947368421,1.1842105263157894,0.34210526315789475
2009,6,Avaí,57,38,15,12,11,61,52,9,150.0,1.368421052631579,0.23684210526315788
2009,7,Atlético Mineiro,56,38,16,8,14,55,56,-1,147.36842105263156,1.4736842105263157,-0.02631578947368421
2009,8,Grêmio,55,38,15,10,13,67,46,21,144.73684210526315,1.2105263157894737,0.5526315789473685
2009,9,Goiás,55,38,15,10,13,64,65,-1,144.73684210526315,1.7105263157894737,-0.02631578947368421
2009,10,Corinthians,52,38,14,10,14,50,54,-4,136.8421052631579,1.4210526315789473,-0.10526315789473684
2009,11,Grêmio Barueri,49,38,12,13,13,59,52,7,128.94736842105263,1.368421052631579,0.18421052631578946
2009,12,Santos,49,38,12,13,13,58,58,0,128.94736842105263,1.5263157894736843,0.0
2009,13,Vitória,48,38,13,9,16,51,57,-6,126.3157894736842,1.5,-0.15789473684210525
2009,14,Athletico Paranaense,48,38,13,9,16,42,49,-7,126.3157894736842,1.2894736842105263,-0.18421052631578946
2009,15,Botafogo,47,38,11,14,13,52,58,-6,123.6842105263158,1.5263157894736843,-0.15789473684210525
2009,16,Fluminense,46,38,11,13,14,49,56,-7,121.05263157894737,1.4736842105263157,-0.18421052631578946
2009,17,Coritiba,45,38,12,9,17,48,60,-12,118.42105263157893,1.5789473684210527,-0.3157894736842105
2009,18,Santo André,41,38,11,8,19,46,61,-15,107.89473684210526,1.605263157894737,-0.39473684210526316
2009,19,Náutico,38,38,10,8,20,48,71,-23,100.0,1.868421052631579,-0.6052631578947368
2009,20,Sport,31,38,7,10,21,48,71,-23,81.57894736842105,1.868421052631579,-0.6052631578947368
2010,1,Fluminense,71,38,20,11,7,62,36,26,186.8421052631579,0.9473684210526315,0.6842105263157895
2010,2,Cruzeiro,69,38,20,9,9,53,38,15,181.57894736842107,1.0,0.39473684210526316
2010,3,Corinthians,68,38,19,11,8,65,41,24,178.94736842105263,1.0789473684210527,0.631578947368421
2010,4,Grêmio,63,38,17,12,9,68,43,25,165.78947368421052,1.131578947368421,0.6578947368421053
2010,5,Athletico Paranaense,60,38,17,9,12,43,45,-2,157.89473684210526,1.1842105263157894,-0.05263157894736842
2010,6,Botafogo,59,38,14,17,7,54,42,12,155.26315789473685,1.105263157894737,0.3157894736842105
2010,7,Internacional,58,38,16,10,12,48,41,7,152.63157894736844,1.0789473684210527,0.18421052631578946
2010,8,Santos,56,38,15,11,12,63,50,13,147.36842105263156,1.3157894736842106,0.34210526315789475
2010,9,São Paulo,55,38,15,10,13,54,54,0,144.73684210526315,1.4210526315789473,0.0
2010,10,Palmeiras,50,38,12,14,12,42,43,-1,131.57894736842107,1.131578947368421,-0.02631578947368421
2010,11,Vasco,49,38,11,16,11,43,45,-2,128.94736842105263,1.1842105263157894,-0.05263157894736842
2010,12,Ceará,47,38,10,17,11,35,44,-9,123.6842105263158,1.1578947368421053,-0.23684210526315788
2010,13,Atlético Mineiro,45,38,13,6,19,52,64,-12,118.42105263157893,1.6842105263157894,-0.3157894736842105
2010,14,Flamengo,44,38,9,17,12,41,44,-3,115.78947368421053,1.1578947368421053,-0.07894736842105263
2010,15,Avaí,43,38,11,10,17,49,58,-9,113.1578947368421,1.5263157894736843,-0.23684210526315788
2010,16,Atlético Goianiense,42,38,11,9,18,51,57,-6,110.5263157894737,1.5,-0.15789473684210525
2010,17,Vitória,42,38,9,15,14,42,48,-6,110.5263157894737,1.263157894736842,-0.15789473684210525
2010,18,Guarani,37,38,8,13,17,33,53,-20,97.36842105263158,1.394736842105263,-0.5263157894736842
2010,19,Goiás,33,38,8,9,21,41,68,-27,86.8421052631579,1.7894736842105263,-0.7105263157894737
2010,20,Grêmio Barueri,28,38,7,10,21,39,64,-25,73.68421052631578,1.6842105263157894,-0.6578947368421053
2011,1,Corinthians,71,38,21,8,9,53,36,17,186.8421052631579,0.9473684210526315,0.4473684210526316
2011,2,Vasco,69,38,19,12,7,57,40,17,181.57894736842107,1.0526315789473684,0.4473684210526316
2011,3,Fluminense,63,38,20,3,15,60,51,9,165.78947368421052,1.3421052631578947,0.23684210526315788
2011,4,Flamengo,61,38,15,16,7,59,47,12,160.5263157894737,1.236842105263158,0.3157894736842105
2011,5,Internacional,60,38,16,12,10,57,43,14,157.89473684210526,1.131578947368421,0.3684210526315789
2011,6,São Paulo,59,38,16,11,11,57,46,11,155.26315789473685,1.2105263157894737,0.2894736842105263
2011,7,Figueirense,58,38,15,13,10,46,45,1,152.63157894736844,1.1842105263157894,0.02631578947368421
2011,8,Coritiba,57,38,16,9,13,57,41,16,150.0,1.0789473684210527,0.42105263157894735
2011,9,Botafogo,56,38,16,8,14,52,49,3,147.36842105263156,1.2894736842105263,0.07894736842105263
2011,10,Santos,53,38,15,8,15,55,55,0,139.4736842105263,1.4473684210526316,0.0
2011,11,Palmeiras,50,38,11,17,10,43,39,4,131.57894736842107,1.0263157894736843,0.10526315789473684
2011,12,Grêmio,48,38,13,9,16,49,57,-8,126.3157894736842,1.5,-0.21052631578947367
2011,13,Atlético Goianiense,48,38,12,12,14,50,45,5,126.3157894736842,1.1842105263157894,0.13157894736842105
2011,14,Bahia,46,38,11,13,14,43,49,-6,121.05263157894737,1.2894736842105263,-0.15789473684210525
2011,15,Atlético Mineiro,45,38,13,6,19,50,60,-10,118.42105263157893,1.5789473684210527,-0.2631578947368421
2011,16,Cruzeiro,43,38,11,10,17,48,51,-3,113.1578947368421,1.3421052631578947,-0.07894736842105263
2011,17,Athletico Paranaense,41,38,10,11,17,38,55,-17,107.89473684210526,1.4473684210526316,-0.4473684210526316
2011,18,Ceará,39,38,10,9,19,47,64,-17,102.63157894736842,1.6842105263157894,-0.4473684210526316
2011,19,América Mineiro,37,38,8,13,17,51,69,-18,97.36842105263158,1.8157894736842106,-0.47368421052631576
2011,20,Avaí,31,38,7,10,21,45,75,-30,81.57894736842105,1.9736842105263157,-0.7894736842105263
2012,1,Fluminense,77,38,22,11,5,61,33,28,202.6315789473684,0.868421052631579,0.7368421052631579
2012,2,Atlético Mineiro,72,38,20,12,6,64,37,27,189.4736842105263,0.9736842105263158,0.7105263157894737
2012,3,Grêmio,71,38,20,11,7,56,33,23,186.8421052631579,0.868421052631579,0.6052631578947368
2012,4,São Paulo,66,38,20,6,12,59,37,22,173.6842105263158,0.9736842105263158,0.5789473684210527
2012,5,Vasco,58,38,16,10,12,45,44,1,152.63157894736844,1.1578947368421053,0.02631578947368421
2012,6,Corinthians,57,38,15,12,11,51,39,12,150.0,1.0263157894736843,0.3157894736842105
2012,7,Botafogo,55,38,15,10,13,60,50,10,144.73684210526315,1.3157894736842106,0.2631578947368421
2012,8,Santos,53,38,13,14,11,50,44,6,139.4736842105263,1.1578947368421053,0.15789473684210525
2012,9,Cruzeiro,52,38,15,7,16,47,51,-4,136.8421052631579,1.3421052631578947,-0.10526315789473684
2012,10,Internacional,52,38,13,13,12,44,40,4,136.8421052631579,1.0526315789473684,0.10526315789473684
2012,11,Flamengo,50,38,12,14,12,39,46,-7,131.57894736842107,1.2105263157894737,-0.18421052631578946
2012,12,Náutico,49,38,14,7,17,44,51,-7,128.94736842105263,1.3421052631578947,-0.18421052631578946
2012,13,Coritiba,48,38,14,6,18,53,60,-7,126.3157894736842,1.5789473684210527,-0.18421052631578946
2012,14,Ponte Preta,48,38,12,12,14,37,44,-7,126.3157894736842,1.1578947368421053,-0.18421052631578946
2012,15,Bahia,47,38,11,14,13,37,41,-4,123.6842105263158,1.0789473684210527,-0.10526315789473684
2012,16,Portuguesa,45,38,10,15,13,39,41,-2,118.42105263157893,1.0789473684210527,-0.05263157894736842
2012,17,Sport,41,38,10,11,17,39,56,-17,107.89473684210526,1.4736842105263157,-0.4473684210526316
2012,18,Palmeiras,34,38,9,7,22,39,54,-15,89.47368421052632,1.4210526315789473,-0.39473684210526316
2012,19,Atlético Goianiense,30,38,7,9,22,37,67,-30,78.94736842105263,1.763157894736842,-0.7894736842105263
2012,20,Figueirense,30,38,7,9,22,39,72,-33,78.94736842105263,1.894736842105263,-0.868421052631579
2013,1,Cruzeiro,76,38,23,7,8,77,37,40,200.0,0.9736842105263158,1.0526315789473684
2013,2,Grêmio,65,38,18,11,9,42,35,7,171.05263157894737,0.9210526315789473,0.18421052631578946
2013,3,Athletico Paranaense,64,38,18,10,10,65,49,16,168.42105263157893,1.2894736842105263,0.42105263157894735
2013,4,Botafogo,61,38,17,10,11,55,41,14,160.5263157894737,1.0789473684210527,0.3684210526315789
2013,5,Vitória,59,38,16,11,11,59,53,6,155.26315789473685,1.394736842105263,0.15789473684210525
2013,6,Goiás,59,38,16,11,11,48,44,4,155.26315789473685,1.1578947368421053,0.10526315789473684
2013,7,Santos,57,38,15,12,11,51,38,13,150.0,1.0,0.34210526315789475
2013,8,Atlético Mineiro,57,38,15,12,11,49,38,11,150.0,1.0,0.2894736842105263
2013,9,São Paulo,50,38,14,8,16,39,40,-1,131.57894736842107,1.0526315789473684,-0.02631578947368421
2013,10,Corinthians,50,38,11,17,10,27,22,5,131.57894736842107,0.5789473684210527,0.13157894736842105
2013,11,Coritiba,48,38,12,12,14,42,45,-3,126.3157894736842,1.1842105263157894,-0.07894736842105263
2013,12,Bahia,48,38,12,12,14,37,45,-8,126.3157894736842,1.1842105263157894,-0.21052631578947367
2013,13,Internacional,48,38,11,15,12,51,52,-1,126.3157894736842,1.368421052631579,-0.02631578947368421
2013,14,Criciúma,46,38,13,7,18,49,63,-14,121.05263157894737,1.6578947368421053,-0.3684210526315789
2013,15,Fluminense,46,38,12,10,16,43,47,-4,121.05263157894737,1.236842105263158,-0.10526315789473684
2013,16,Flamengo,45,38,12,13,13,43,46,-3,118.42105263157893,1.2105263157894737,-0.07894736842105263
2013,17,Portuguesa,44,38,12,12,14,50,46,4,115.78947368421053,1.2105263157894737,0.10526315789473684
2013,18,Vasco,44,38,11,11,16,50,61,-11,115.78947368421053,1.605263157894737,-0.2894736842105263
2013,19,Ponte Preta,37,38,9,10,19,37,55,-18,97.36842105263158,1.4473684210526316,-0.47368421052631576
2013,20,Náutico,20,38,5,5,28,22,79,-57,52.63157894736842,2.0789473684210527,-1.5
2014,1,Cruzeiro,80,38,24,8,6,67,38,29,210.52631578947367,1.0,0.7631578947368421
2014,2,São Paulo,70,38,20,10,8,59,40,19,184.21052631578948,1.0526315789473684,0.5
2014,3,Internacional,69,38,21,6,11,53,41,12,181.57894736842107,1.0789473684210527,0.3157894736842105
2014,4,Corinthians,69,38,19,12,7,49,31,18,181.57894736842107,0.8157894736842105,0.47368421052631576
2014,5,Atlético Mineiro,62,38,17,11,10,51,38,13,163.1578947368421,1.0,0.34210526315789475
2014,6,Fluminense,61,38,17,10,11,61,42,19,160.5263157894737,1.105263157894737,0.5
2014,7,Grêmio,61,38,17,10,11,36,24,12,160.5263157894737,0.631578947368421,0.3157894736842105
2014,8,Athletico Paranaense,54,38,15,9,14,43,42,1,142.10526315789474,1.105263157894737,0.02631578947368421
2014,9,Santos,53,38,15,8,15,42,35,7,139.4736842105263,0.9210526315789473,0.18421052631578946
2014,10,Flamengo,52,38,14,10,14,46,47,-1,136.8421052631579,1.236842105263158,-0.02631578947368421
2014,11,Sport,52,38,14,10,14,36,46,-10,136.8421052631579,1.2105263157894737,-0.2631578947368421
2014,12,Goiás,47,38,13,8,17,38,40,-2,123.6842105263158,1.0526315789473684,-0.05263157894736842
2014,13,Figueirense,47,38,13,8,17,37,47,-10,123.6842105263158,1.236842105263158,-0.2631578947368421
2014,14,Coritiba,47,38,12,11,15,42,45,-3,123.6842105263158,1.1842105263157894,-0.07894736842105263
2014,15,Chapecoense,43,38,11,10,17,39,44,-5,113.1578947368421,1.1578947368421053,-0.13157894736842105
2014,16,Palmeiras,40,38,11,7,20,34,59,-25,105.26315789473684,1.5526315789473684,-0.6578947368421053
2014,17,Vitória,38,38,10,8,20,37,54,-17,100.0,1.4210526315789473,-0.4473684210526316
2014,18,Bahia,37,38,9,10,19,31,43,-12,97.36842105263158,1.131578947368421,-0.3157894736842105
2014,19,Botafogo,34,38,9,7,22,31,48,-17,89.47368421052632,1.263157894736842,-0.4473684210526316
2014,20,Criciúma,32,38,7,11,20,28,56,-28,84.21052631578947,1.4736842105263157,-0.7368421052631579
2015,1,Corinthians,81,38,24,9,5,71,31,40,213.15789473684214,0.8157894736842105,1.0526315789473684
2015,2,Atlético Mineiro,69,38,21,6,11,65,47,18,181.57894736842107,1.236842105263158,0.47368421052631576
2015,3,Grêmio,68,38,20,8,10,52,32,20,178.94736842105263,0.8421052631578947,0.5263157894736842
2015,4,São Paulo,62,38,18,8,12,53,47,6,163.1578947368421,1.236842105263158,0.15789473684210525
2015,5,Internacional,60,38,17,9,12,39,38,1,157.89473684210526,1.0,0.02631578947368421
2015,6,Sport,59,38,15,14,9,53,38,15,155.26315789473685,1.0,0.39473684210526316
2015,7,Santos,58,38,16,10,12,59,41,18,152.63157894736844,1.0789473684210527,0.47368421052631576
2015,8,Cruzeiro,55,38,15,10,13,44,35,9,144.73684210526315,0.9210526315789473,0.23684210526315788
2015,9,Palmeiras,53,38,15,8,15,60,51,9,139.4736842105263,1.3421052631578947,0.23684210526315788
2015,10,Athletico Paranaense,51,38,14,9,15,43,48,-5,134.21052631578948,1.263157894736842,-0.13157894736842105
2015,11,Ponte Preta,51,38,13,12,13,41,40,1,134.21052631578948,1.0526315789473684,0.02631578947368421
2015,12,Flamengo,49,38,15,4,19,45,53,-8,128.94736842105263,1.394736842105263,-0.21052631578947367
2015,13,Fluminense,47,38,14,5,19,40,49,-9,123.6842105263158,1.2894736842105263,-0.23684210526315788
2015,14,Chapecoense,47,38,12,11,15,34,44,-10,123.6842105263158,1.1578947368421053,-0.2631578947368421
2015,15,Coritiba,44,38,11,11,16,31,42,-11,115.78947368421053,1.105263157894737,-0.2894736842105263
2015,16,Figueirense,43,38,11,10,17,36,50,-14,113.1578947368421,1.3157894736842106,-0.3684210526315789
2015,17,Avaí,42,38,11,9,18,38,60,-22,110.5263157894737,1.5789473684210527,-0.5789473684210527
2015,18,Vasco,41,38,10,11,17,28,54,-26,107.89473684210526,1.4210526315789473,-0.6842105263157895
2015,19,Goiás,38,38,10,8,20,39,49,-10,100.0,1.2894736842105263,-0.2631578947368421
2015,20,Joinville,31,38,7,10,21,26,48,-22,81.57894736842105,1.263157894736842,-0.5789473684210527
2016,1,Palmeiras,80,38,24,8,6,62,32,30,210.52631578947367,0.8421052631578947,0.7894736842105263
2016,2,Santos,71,38,22,5,11,59,35,24,186.8421052631579,0.9210526315789473,0.631578947368421
2016,3,Flamengo,71,38,20,11,7,52,35,17,186.8421052631579,0.9210526315789473,0.4473684210526316
2016,4,Atlético Mineiro,62,38,17,11,10,61,53,8,163.1578947368421,1.394736842105263,0.21052631578947367
2016,5,Botafogo,59,38,17,8,13,43,39,4,155.26315789473685,1.0263157894736843,0.10526315789473684
2016,6,Athletico Paranaense,57,38,17,6,15,38,32,6,150.0,0.8421052631578947,0.15789473684210525
2016,7,Corinthians,55,38,15,10,13,48,42,6,144.73684210526315,1.105263157894737,0.15789473684210525
2016,8,Ponte Preta,53,38,15,8,15,48,52,-4,139.4736842105263,1.368421052631579,-0.10526315789473684
2016,9,Grêmio,53,38,14,11,13,41,44,-3,139.4736842105263,1.1578947368421053,-0.07894736842105263
2016,10,São Paulo,52,38,14,10,14,44,36,8,136.8421052631579,0.9473684210526315,0.21052631578947367
2016,11,Chapecoense,52,38,13,13,12,49,56,-7,136.8421052631579,1.4736842105263157,-0.18421052631578946
2016,12,Cruzeiro,51,38,14,9,15,48,49,-1,134.21052631578948,1.2894736842105263,-0.02631578947368421
2016,13,Fluminense,50,38,13,11,14,45,45,0,131.57894736842107,1.1842105263157894,0.0
2016,14,Sport,47,38,13,8,17,49,55,-6,123.6842105263158,1.4473684210526316,-0.15789473684210525
2016,15,Coritiba,46,38,11,13,14,41,42,-1,121.05263157894737,1.105263157894737,-0.02631578947368421
2016,16,Vitória,45,38,12,9,17,51,53,-2,118.42105263157893,1.394736842105263,-0.05263157894736842
2016,17,Internacional,43,38,11,10,17,35,41,-6,113.1578947368421,1.0789473684210527,-0.15789473684210525
2016,18,Figueirense,37,38,8,13,17,30,50,-20,97.36842105263158,1.3157894736842106,-0.5263157894736842
2016,19,Santa Cruz,31,38,8,7,23,45,69,-24,81.57894736842105,1.8157894736842106,-0.631578947368421
2016,20,América Mineiro,28,38,7,7,24,23,58,-35,73.68421052631578,1.5263157894736843,-0.9210526315789473
2017,1,Corinthians,72,38,21,9,8,50,30,20,189.4736842105263,0.7894736842105263,0.5263157894736842
2017,2,Palmeiras,63,38,19,6,13,61,45,16,165.78947368421052,1.1842105263157894,0.42105263157894735
2017,3,Santos,63,38,17,12,9,42,32,10,165.78947368421052,0.8421052631578947,0.2631578947368421
2017,4,Grêmio,62,38,18,8,12,55,36,19,163.1578947368421,0.9473684210526315,0.5
2017,5,Cruzeiro,57,38,15,12,11,47,39,8,150.0,1.0263157894736843,0.21052631578947367
2017,6,Flamengo,56,38,15,11,12,49,38,11,147.36842105263156,1.0,0.2894736842105263
2017,7,Vasco,56,38,15,11,12,40,47,-7,147.36842105263156,1.236842105263158,-0.18421052631578946
2017,8,Chapecoense,54,38,15,9,14,47,49,-2,142.10526315789474,1.2894736842105263,-0.05263157894736842
2017,9,Atlético Mineiro,54,38,14,12,12,52,49,3,142.10526315789474,1.2894736842105263,0.07894736842105263
2017,10,Botafogo,53,38,14,11,13,45,42,3,139.4736842105263,1.105263157894737,0.07894736842105263
2017,11,Athletico Paranaense,51,38,14,9,15,45,43,2,134.21052631578948,1.131578947368421,0.05263157894736842
2017,12,Bahia,50,38,13,11,14,50,48,2,131.57894736842107,1.263157894736842,0.05263157894736842
2017,13,São Paulo,50,38,13,11,14,48,49,-1,131.57894736842107,1.2894736842105263,-0.02631578947368421
2017,14,Fluminense,47,38,11,14,13,50,53,-3,123.6842105263158,1.394736842105263,-0.07894736842105263
2017,15,Sport,45,38,12,9,17,46,58,-12,118.42105263157893,1.5263157894736843,-0.3157894736842105
2017,16,Vitória,43,38,11,10,17,50,58,-8,113.1578947368421,1.5263157894736843,-0.21052631578947367
2017,17,Coritiba,43,38,11,10,17,42,51,-9,113.1578947368421,1.3421052631578947,-0.23684210526315788
2017,18,Avaí,43,38,10,13,15,29,48,-19,113.1578947368421,1.263157894736842,-0.5
2017,19,Ponte Preta,39,38,10,9,19,37,52,-15,102.63157894736842,1.368421052631579,-0.39473684210526316
2017,20,Atlético Goianiense,36,38,9,9,20,38,56,-18,94.73684210526315,1.4736842105263157,-0.47368421052631576
2018,1,Palmeiras,80,38,23,11,4,64,26,38,210.52631578947367,0.6842105263157895,1.0
2018,2,Flamengo,72,38,21,9,8,59,29,30,189.4736842105263,0.7631578947368421,0.7894736842105263
2018,3,Internacional,69,38,19,12,7,51,29,22,181.57894736842107,0.7631578947368421,0.5789473684210527
2018,4,Grêmio,66,38,18,12,8,48,27,21,173.6842105263158,0.7105263157894737,0.5526315789473685
2018,5,São Paulo,63,38,16,15,7,46,34,12,165.78947368421052,0.8947368421052632,0.3157894736842105
2018,6,Atlético Mineiro,59,38,17,8,13,56,43,13,155.26315789473685,1.131578947368421,0.34210526315789475
2018,7,Athletico Paranaense,57,38,16,9,13,54,37,17,150.0,0.9736842105263158,0.4473684210526316
2018,8,Cruzeiro,53,38,14,11,13,34,34,0,139.4736842105263,0.8947368421052632,0.0
2018,9,Botafogo,51,38,13,12,13,38,46,-8,134.21052631578948,1.2105263157894737,-0.21052631578947367
2018,10,Santos,50,38,13,11,14,46,40,6,131.57894736842107,1.0526315789473684,0.15789473684210525
2018,11,Bahia,48,38,12,12,14,39,41,-2,126.3157894736842,1.0789473684210527,-0.05263157894736842
2018,12,Fluminense,45,38,12,9,17,32,46,-14,118.42105263157893,1.2105263157894737,-0.3684210526315789
2018,13,Corinthians,44,38,11,11,16,34,35,-1,115.78947368421053,0.9210526315789473,-0.02631578947368421
2018,14,Chapecoense,44,38,11,11,16,34,50,-16,115.78947368421053,1.3157894736842106,-0.42105263157894735
2018,15,Ceará,44,38,10,14,14,32,38,-6,115.78947368421053,1.0,-0.15789473684210525
2018,16,Vasco,43,38,10,13,15,41,48,-7,113.1578947368421,1.263157894736842,-0.18421052631578946
2018,17,Sport,42,38,11,9,18,35,57,-22,110.5263157894737,1.5,-0.5789473684210527
2018,18,América Mineiro,40,38,10,10,18,30,47,-17,105.26315789473684,1.236842105263158,-0.4473684210526316
2018,19,Vitória,37,38,9,10,19,36,63,-27,97.36842105263158,1.6578947368421053,-0.7105263157894737
2018,20,Paraná,23,38,4,11,23,18,57,-39,60.526315789473685,1.5,-1.0263157894736843
2019,1,Flamengo,90,38,28,6,4,86,37,49,236.84210526315786,0.9736842105263158,1.2894736842105263
2019,2,Santos,74,38,22,8,8,60,33,27,194.73684210526315,0.868421052631579,0.7105263157894737
2019,3,Palmeiras,74,38,21,11,6,61,32,29,194.73684210526315,0.8421052631578947,0.7631578947368421
2019,4,Grêmio,65,38,19,8,11,64,39,25,171.05263157894737,1.0263157894736843,0.6578947368421053
2019,5,Athletico Paranaense,64,38,18,10,10,51,32,19,168.42105263157893,0.8421052631578947,0.5
2019,6,São Paulo,63,38,17,12,9,39,30,9,165.78947368421052,0.7894736842105263,0.23684210526315788
2019,7,Internacional,57,38,16,9,13,44,39,5,150.0,1.0263157894736843,0.13157894736842105
2019,8,Corinthians,56,38,14,14,10,42,34,8,147.36842105263156,0.8947368421052632,0.21052631578947367
2019,9,Fortaleza,53,38,15,8,15,50,49,1,139.4736842105263,1.2894736842105263,0.02631578947368421
2019,10,Goiás,52,38,15,7,16,46,64,-18,136.8421052631579,1.6842105263157894,-0.47368421052631576
2019,11,Bahia,49,38,12,13,13,44,43,1,128.94736842105263,1.131578947368421,0.02631578947368421
2019,12,Vasco,49,38,12,13,13,39,45,-6,128.94736842105263,1.1842105263157894,-0.15789473684210525
2019,13,Atlético Mineiro,48,38,13,9,16,45,49,-4,126.3157894736842,1.2894736842105263,-0.10526315789473684
2019,14,Fluminense,46,38,12,10,16,38,46,-8,121.05263157894737,1.2105263157894737,-0.21052631578947367
2019,15,Botafogo,43,38,13,4,21,31,45,-14,113.1578947368421,1.1842105263157894,-0.3684210526315789
2019,16,Ceará,39,38,10,9,19,36,41,-5,102.63157894736842,1.0789473684210527,-0.13157894736842105
2019,17,Cruzeiro,36,38,7,15,16,27,46,-19,94.73684210526315,1.2105263157894737,-0.5
2019,18,CSA,32,38,8,8,22,24,58,-34,84.21052631578947,1.5263157894736843,-0.8947368421052632
2019,19,Chapecoense,32,38,7,11,20,31,52,-21,84.21052631578947,1.368421052631579,-0.5526315789473685
2019,20,Avaí,20,38,3,11,24,18,62,-44,52.63157894736842,1.631578947368421,-1.1578947368421053
2020,1,Flamengo,71,38,21,8,9,68,48,20,186.8421052631579,1.263157894736842,0.5263157894736842
2020,2,Internacional,70,38,20,10,8,61,35,26,184.21052631578948,0.9210526315789473,0.6842105263157895
2020,3,Atlético Mineiro,68,38,20,8,10,64,45,19,178.94736842105263,1.1842105263157894,0.5
2020,4,São Paulo,66,38,18,12,8,59,41,18,173.6842105263158,1.0789473684210527,0.47368421052631576
2020,5,Fluminense,64,38,18,10,10,55,42,13,168.42105263157893,1.105263157894737,0.34210526315789475
2020,6,Grêmio,59,38,14,17,7,53,40,13,155.26315789473685,1.0526315789473684,0.34210526315789475
2020,7,Palmeiras,58,38,15,13,10,51,37,14,152.63157894736844,0.9736842105263158,0.3684210526315789
2020,8,Santos,54,38,14,12,12,52,51,1,142.10526315789474,1.3421052631578947,0.02631578947368421
2020,9,Athletico Paranaense,53,38,15,8,15,38,36,2,139.4736842105263,0.9473684210526315,0.05263157894736842
2020,10,Red Bull Bragantino,53,38,13,14,11,50,40,10,139.4736842105263,1.0526315789473684,0.2631578947368421
2020,11,Ceará,52,38,14,10,14,54,51,3,136.8421052631579,1.3421052631578947,0.07894736842105263
2020,12,Corinthians,51,38,13,12,13,45,45,0,134.21052631578948,1.1842105263157894,0.0
2020,13,Atlético Goianiense,50,38,12,14,12,40,45,-5,131.57894736842107,1.1842105263157894,-0.13157894736842105
2020,14,Bahia,44,38,12,8,18,48,59,-11,115.78947368421053,1.5526315789473684,-0.2894736842105263
2020,15,Sport,42,38,12,6,20,31,50,-19,110.5263157894737,1.3157894736842106,-0.5
2020,16,Fortaleza,41,38,10,11,17,34,44,-10,107.89473684210526,1.1578947368421053,-0.2631578947368421
2020,17,Vasco,41,38,10,11,17,37,56,-19,107.89473684210526,1.4736842105263157,-0.5
2020,18,Goiás,37,38,9,10,19,41,63,-22,97.36842105263158,1.6578947368421053,-0.5789473684210527
2020,19,Coritiba,31,38,7,10,21,31,54,-23,81.57894736842105,1.4210526315789473,-0.6052631578947368
2020,20,Botafogo,27,38,5,12,21,32,62,-30,71.05263157894737,1.631578947368421,-0.7894736842105263
2021,1,Atlético Mineiro,84,38,26,6,6,67,34,33,221.0526315789474,0.8947368421052632,0.868421052631579
2021,2,Flamengo,71,38,21,8,9,69,36,33,186.8421052631579,0.9473684210526315,0.868421052631579
2021,3,Palmeiras,66,38,20,6,12,58,43,15,173.6842105263158,1.131578947368421,0.39473684210526316
2021,4,Fortaleza,58,38,17,7,14,44,45,-1,152.63157894736844,1.1842105263157894,-0.02631578947368421
2021,5,Corinthians,57,38,15,12,11,40,36,4,150.0,0.9473684210526315,0.10526315789473684
2021,6,Red Bull Bragantino,56,38,14,14,10,55,46,9,147.36842105263156,1.2105263157894737,0.23684210526315788
2021,7,Fluminense,54,38,15,9,14,38,38,0,142.10526315789474,1.0,0.0
2021,8,América Mineiro,53,38,13,14,11,41,37,4,139.4736842105263,0.9736842105263158,0.10526315789473684
2021,9,Atlético Goianiense,53,38,13,14,11,33,36,-3,139.4736842105263,0.9473684210526315,-0.07894736842105263
2021,10,Santos,50,38,12,14,12,35,40,-5,131.57894736842107,1.0526315789473684,-0.13157894736842105
2021,11,Ceará,50,38,11,17,10,39,38,1,131.57894736842107,1.0,0.02631578947368421
2021,12,Internacional,48,38,12,12,14,44,42,2,126.3157894736842,1.105263157894737,0.05263157894736842
2021,13,São Paulo,48,38,11,15,12,31,39,-8,126.3157894736842,1.0263157894736843,-0.21052631578947367
2021,14,Athletico Paranaense,47,38,13,8,17,41,45,-4,123.6842105263158,1.1842105263157894,-0.10526315789473684
2021,15,Cuiabá,47,38,10,17,11,34,37,-3,123.6842105263158,0.9736842105263158,-0.07894736842105263
2021,16,Juventude,46,38,11,13,14,36,44,-8,121.05263157894737,1.1578947368421053,-0.21052631578947367
2021,17,Grêmio,43,38,12,7,19,44,51,-7,113.1578947368421,1.3421052631578947,-0.18421052631578946
2021,18,Bahia,43,38,11,10,17,42,51,-9,113.1578947368421,1.3421052631578947,-0.23684210526315788
2021,19,Sport,38,38,9,11,18,24,37,-13,100.0,0.9736842105263158,-0.34210526315789475
2021,20,Chapecoense,15,38,1,12,25,27,67,-40,39.473684210526315,1.763157894736842,-1.0526315789473684
2022,1,Palmeiras,81,38,23,12,3,66,27,39,213.15789473684214,0.7105263157894737,1.0263157894736843
2022,2,Internacional,73,38,20,13,5,58,31,27,192.10526315789474,0.8157894736842105,0.7105263157894737
2022,3,Fluminense,70,38,21,7,10,63,41,22,184.21052631578948,1.0789473684210527,0.5789473684210527
2022,4,Corinthians,65,38,18,11,9,44,36,8,171.05263157894737,0.9473684210526315,0.21052631578947367
2022,5,Flamengo,62,38,18,8,12,60,39,21,163.1578947368421,1.0263157894736843,0.5526315789473685
2022,6,Athletico Paranaense,58,38,16,10,12,48,48,0,152.63157894736844,1.263157894736842,0.0
2022,7,Atlético Mineiro,58,38,15,13,10,45,37,8,152.63157894736844,0.9736842105263158,0.21052631578947367
2022,8,Fortaleza,55,38,15,10,13,46,39,7,144.73684210526315,1.0263157894736843,0.18421052631578946
2022,9,São Paulo,54,38,13,15,10,55,42,13,142.10526315789474,1.105263157894737,0.34210526315789475
2022,10,América Mineiro,53,38,15,8,15,40,40,0,139.4736842105263,1.0526315789473684,0.0
2022,11,Botafogo,53,38,15,8,15,41,43,-2,139.4736842105263,1.131578947368421,-0.05263157894736842
2022,12,Santos,47,38,12,11,15,44,41,3,123.6842105263158,1.0789473684210527,0.07894736842105263
2022,13,Goiás,46,38,11,13,14,40,53,-13,121.05263157894737,1.394736842105263,-0.34210526315789475
2022,14,Red Bull Bragantino,44,38,11,11,16,49,59,-10,115.78947368421053,1.5526315789473684,-0.2631578947368421
2022,15,Coritiba,42,38,12,6,20,39,60,-21,110.5263157894737,1.5789473684210527,-0.5526315789473685
2022,16,Cuiabá,41,38,10,11,17,31,42,-11,107.89473684210526,1.105263157894737,-0.2894736842105263
2022,17,Ceará,37,38,7,16,15,34,41,-7,97.36842105263158,1.0789473684210527,-0.18421052631578946
2022,18,Atlético Goianiense,36,38,8,12,18,39,57,-18,94.73684210526315,1.5,-0.47368421052631576
2022,19,Avaí,35,38,9,8,21,34,60,-26,92.10526315789474,1.5789473684210527,-0.6842105263157895
2022,20,Juventude,22,38,3,13,22,29,69,-40,57.89473684210527,1.8157894736842106,-1.0526315789473684
2023,1,Palmeiras,70,38,20,10,8,64,33,31,184.21052631578948,0.868421052631579,0.8157894736842105
2023,2,Grêmio,68,38,21,5,12,63,56,7,178.94736842105263,1.4736842105263157,0.18421052631578946
2023,3,Atlético Mineiro,66,38,19,9,10,52,32,20,173.6842105263158,0.8421052631578947,0.5263157894736842
2023,4,Flamengo,66,38,19,9,10,56,42,14,173.6842105263158,1.105263157894737,0.3684210526315789
2023,5,Botafogo,64,38,18,10,10,58,37,21,168.42105263157893,0.9736842105263158,0.5526315789473685
2023,6,Red Bull Bragantino,62,38,17,11,10,49,35,14,163.1578947368421,0.9210526315789473,0.3684210526315789
2023,7,Fluminense,56,38,16,8,14,51,47,4,147.36842105263156,1.236842105263158,0.10526315789473684
2023,8,Athletico Paranaense,56,38,14,14,10,51,43,8,147.36842105263156,1.131578947368421,0.21052631578947367
2023,9,Internacional,55,38,15,10,13,46,45,1,144.73684210526315,1.1842105263157894,0.02631578947368421
2023,10,Fortaleza,54,38,15,9,14,45,44,1,142.10526315789474,1.1578947368421053,0.02631578947368421
2023,11,São Paulo,53,38,14,11,13,40,38,2,139.4736842105263,1.0,0.05263157894736842
2023,12,Cuiabá,51,38,14,9,15,40,39,1,134.21052631578948,1.0263157894736843,0.02631578947368421
2023,13,Corinthians,50,38,12,14,12,47,48,-1,131.57894736842107,1.263157894736842,-0.02631578947368421
2023,14,Cruzeiro,47,38,11,14,13,35,32,3,123.6842105263158,0.8421052631578947,0.07894736842105263
2023,15,Vasco,45,38,12,9,17,41,51,-10,118.42105263157893,1.3421052631578947,-0.2631578947368421
2023,16,Bahia,44,38,12,8,18,50,53,-3,115.78947368421053,1.394736842105263,-0.07894736842105263
2023,17,Santos,43,38,11,10,17,39,64,-25,113.1578947368421,1.6842105263157894,-0.6578947368421053
2023,18,Goiás,38,38,9,11,18,36,53,-17,100.0,1.394736842105263,-0.4473684210526316
2023,19,Coritiba,30,38,8,6,24,41,73,-32,78.94736842105263,1.9210526315789473,-0.8421052631578947
2023,20,América Mineiro,24,38,5,9,24,42,81,-39,63.1578947368421,2.1315789473684212,-1.0263157894736843
2024,1,Botafogo,79,38,23,10,5,59,29,30,207.89473684210526,0.7631578947368421,0.7894736842105263
2024,2,Palmeiras,73,38,22,7,9,60,33,27,192.10526315789474,0.868421052631579,0.7105263157894737
2024,3,Flamengo,70,38,20,10,8,61,42,19,184.21052631578948,1.105263157894737,0.5
2024,4,Fortaleza,68,38,19,11,8,53,39,14,178.94736842105263,1.0263157894736843,0.3684210526315789
2024,5,Internacional,65,38,18,11,9,53,36,17,171.05263157894737,0.9473684210526315,0.4473684210526316
2024,6,São Paulo,59,38,17,8,13,53,43,10,155.26315789473685,1.131578947368421,0.2631578947368421
2024,7,Corinthians,56,38,15,11,12,54,45,9,147.36842105263156,1.1842105263157894,0.23684210526315788
2024,8,Bahia,53,38,15,8,15,49,49,0,139.4736842105263,1.2894736842105263,0.0
2024,9,Vasco,50,38,14,8,16,43,56,-13,131.57894736842107,1.4736842105263157,-0.34210526315789475
2024,10,Cruzeiro,49,37,13,10,14,42,41,1,132.43243243243242,1.1081081081081081,0.02702702702702703
2024,11,Vitória,47,38,13,8,17,45,52,-7,123.6842105263158,1.368421052631579,-0.18421052631578946
2024,12,Atlético Mineiro,47,38,11,14,13,47,54,-7,123.6842105263158,1.4210526315789473,-0.18421052631578946
2024,13,Fluminense,46,38,12,10,16,33,39,-6,121.05263157894737,1.0263157894736843,-0.15789473684210525
2024,14,Grêmio,45,38,12,9,17,44,50,-6,118.42105263157893,1.3157894736842106,-0.15789473684210525
2024,15,Juventude,45,37,11,12,14,48,58,-10,121.62162162162163,1.5675675675675675,-0.2702702702702703
2024,16,Red Bull Bragantino,44,38,10,14,14,44,48,-4,115.78947368421053,1.263157894736842,-0.10526315789473684
2024,17,Athletico Paranaense,42,38,11,9,18,40,46,-6,110.5263157894737,1.2105263157894737,-0.15789473684210525
2024,18,Criciúma,38,38,9,11,18,42,61,-19,100.0,1.605263157894737,-0.5
2024,19,Atlético Goianiense,30,38,7,9,22,29,58,-29,78.94736842105263,1.5263157894736843,-0.7631578947368421
2024,20,Cuiabá,30,38,6,12,20,29,49,-20,78.94736842105263,1.2894736842105263,-0.5263157894736842
